{"cameraMode":{"drawMode":0,"name":"Shaded","section":"Shading Mode"},"sceneLighting":false,"audioPlay":false,"sceneViewState":{"m_AlwaysRefresh":false,"showFog":true,"showSkybox":false,"showFlares":true,"showImageEffects":true,"showParticleSystems":true,"showVisualEffectGraphs":true,"m_FxEnabled":true},"in2DMode":false,"pivot":{"x":-3.7221856117248537,"y":4.77215576171875,"z":0.08893775939941406},"rotation":{"x":0.03565876930952072,"y":0.9642587900161743,"z":-0.17885348200798036,"w":0.19225046038627625},"size":1.852604627609253,"orthographic":false}