{"cameraMode":{"drawMode":0,"name":"Shaded","section":"Shading Mode"},"sceneLighting":false,"audioPlay":false,"sceneViewState":{"m_AlwaysRefresh":false,"showFog":true,"showSkybox":false,"showFlares":true,"showImageEffects":true,"showParticleSystems":true,"showVisualEffectGraphs":true,"m_FxEnabled":true},"in2DMode":false,"pivot":{"x":0.6910727024078369,"y":1.9893958568572999,"z":-1.269701600074768},"rotation":{"x":-0.008640347979962826,"y":-0.9884325265884399,"z":0.13868531584739686,"w":-0.061561454087495807},"size":4.812336444854736,"orthographic":false}